Age,BMI,BloodPressure,Glucose,FamilyHistory,Outcome
22,21.5,110,85,0,0
25,23.1,114,92,0,0
28,24.8,118,98,0,0
30,26.2,120,105,0,0
32,27.5,122,112,1,0
35,28.1,124,118,0,0
36,29.8,128,126,1,1
38,30.5,130,135,1,1
40,31.2,132,142,0,1
42,32.0,134,150,1,1
61,21.9,125,111,0,0
27,31.5,142,91,1,0
26,23.7,140,157,0,1
66,31.0,142,133,0,1
38,33.8,108,177,0,1
42,24.7,121,177,1,1
45,21.6,130,157,1,1
67,27.8,115,128,0,1
61,30.5,131,153,0,1
23,31.2,126,90,0,0
45,24.7,148,126,0,0
34,31.4,149,89,0,0
36,22.8,132,114,0,0
24,23.9,110,183,1,1
25,23.6,144,171,1,1
52,26.7,149,138,0,1
36,32.7,142,113,1,1
46,26.2,116,145,1,1
24,34.6,117,160,0,1
48,30.1,132,128,1,1
56,34.6,108,167,0,1
55,32.8,149,123,0,0
31,27.7,124,144,0,1
27,34.8,127,161,0,1
31,29.2,141,80,1,0
28,35.8,127,110,0,0
57,36.1,113,173,1,1
55,33.0,116,164,1,1
31,24.5,146,134,0,1
67,31.7,127,131,1,1
