ProductID,ProductName,Sales,CustomerRating,Price,Stock
1,Pen,777,4.3,57.66,394
2,Pencil,804,4.3,47.38,407
3,Notebook,779,4.5,40.84,401
4,Eraser,827,4.7,59.44,391
5,Ruler,827,4.4,53.64,393
6,Marker,792,4.6,57.68,403
7,Headphones,309,4.1,1755.46,147
8,Mouse,325,3.9,1679.93,145
9,Keyboard,326,4.0,1307.62,150
10,Webcam,320,4.2,1681.34,147
11,Speaker,287,3.9,1620.77,152
12,Router,325,3.8,1482.41,146
13,Laptop,92,3.8,28195.9,27
14,Tablet,54,3.4,26317.56,30
15,Monitor,57,3.7,35602.67,28
16,Printer,62,3.7,28796.14,37
17,Camera,61,3.8,25384.1,28
18,Smartphone,51,3.6,35802.61,21
