CustomerID,Age,Gender,Location,AnnualIncome,SpendingScore,ItemsPurchased
1,53,Female,Chennai,24,72,4
2,41,Male,Mumbai,24,83,9
3,20,Male,Mumbai,18,72,4
4,22,Female,Chennai,33,72,10
5,62,Female,Chennai,21,83,20
6,50,Male,Bengaluru,30,71,5
7,26,Female,Bengaluru,30,78,16
8,23,Male,Chennai,29,75,5
9,35,Male,Chennai,31,69,15
10,31,Female,Bengaluru,24,67,16
11,55,Male,Chennai,47,42,9
12,30,Female,Bengaluru,62,46,14
13,23,Male,Bengaluru,47,52,10
14,49,Female,Bengaluru,62,44,8
15,38,Male,Chennai,48,50,3
16,23,Female,Mumbai,63,45,3
17,52,Male,Chennai,49,59,4
18,63,Male,Bengaluru,50,58,9
19,57,Male,Mumbai,49,53,20
20,56,Female,Bengaluru,53,50,9
21,36,Female,Chennai,91,24,12
22,24,Male,Bengaluru,85,12,19
23,33,Female,Chennai,93,12,9
24,43,Female,Chennai,96,27,11
25,59,Male,Mumbai,91,13,6
26,36,Male,Chennai,86,18,11
27,58,Male,Mumbai,92,16,10
28,52,Female,Bengaluru,83,12,15
29,37,Male,Chennai,92,14,10
30,30,Female,Mumbai,95,27,2
